[Header],,,,,,,
IEMFileVersion,5,,,,,,
Experiment Name,03_02_21-Sharpton,,,,,,
Date,3/2/2021,,,,,,
Workflow,LibraryQC,,,,,,
Application,Library QC,,,,,,
Instrument Type,MiSeq,,,,,,
Assay,Nextera XT,,,,,,
Index Adapters,Nextera XT v2 Index Kit,,,,,,
Chemistry,Default,,,,,,
[Reads],,,,,,,
301,,,,,,,
301,,,,,,,
[Settings],,,,,,,
FlagPCRDuplicates,0,,,,,,
ReverseComplement,0,,,,,,
RunBwaAln,0,,,,,,
[Data],,,,,,,
Sample_ID,Sample_Plate,Sample_Well,I7_Index_ID,index,GenomeFolder,Sample_Project,Description
lane1-s001-index-CTACAGGGTCTC-DSF181,,,,CTACAGGGTCTC,PhiX\Illumina\RTA\Sequence\WholeGenomeFasta,,
lane1-s002-index-GTTCATTAAACT-DSF182,,,,GTTCATTAAACT,PhiX\Illumina\RTA\Sequence\WholeGenomeFasta,,
lane1-s003-index-TTCGATGCCGCA-DSF183,,,,TTCGATGCCGCA,PhiX\Illumina\RTA\Sequence\WholeGenomeFasta,,
lane1-s004-index-TCGTTATTCAGT-DSF184,,,,TCGTTATTCAGT,PhiX\Illumina\RTA\Sequence\WholeGenomeFasta,,
lane1-s005-index-ACTCTGTAATTA-DSF185,,,,ACTCTGTAATTA,PhiX\Illumina\RTA\Sequence\WholeGenomeFasta,,
lane1-s006-index-ATATGTTCTCAA-DSF186,,,,ATATGTTCTCAA,PhiX\Illumina\RTA\Sequence\WholeGenomeFasta,,
lane1-s007-index-TCAGACCAACTG-DSF187,,,,TCAGACCAACTG,PhiX\Illumina\RTA\Sequence\WholeGenomeFasta,,
lane1-s008-index-TCATTAGCGTGG-DSF188,,,,TCATTAGCGTGG,PhiX\Illumina\RTA\Sequence\WholeGenomeFasta,,
lane1-s009-index-CTTGGAGGCTTA-DSF189,,,,CTTGGAGGCTTA,PhiX\Illumina\RTA\Sequence\WholeGenomeFasta,,
lane1-s010-index-GTGCCGGCCGAC-DSF190,,,,GTGCCGGCCGAC,PhiX\Illumina\RTA\Sequence\WholeGenomeFasta,,
lane1-s011-index-AGAGGGTGATCG-DSF191,,,,AGAGGGTGATCG,PhiX\Illumina\RTA\Sequence\WholeGenomeFasta,,
lane1-s012-index-GGATACTCGCAT-DSF192,,,,GGATACTCGCAT,PhiX\Illumina\RTA\Sequence\WholeGenomeFasta,,
lane1-s013-index-TCATGGCCTCCG-DSF193,,,,TCATGGCCTCCG,PhiX\Illumina\RTA\Sequence\WholeGenomeFasta,,
lane1-s014-index-ATGTGCTGCTCG-DSF194,,,,ATGTGCTGCTCG,PhiX\Illumina\RTA\Sequence\WholeGenomeFasta,,
lane1-s015-index-CCACGAGCAGGC-DSF195,,,,CCACGAGCAGGC,PhiX\Illumina\RTA\Sequence\WholeGenomeFasta,,
lane1-s016-index-CGCCGTACTTGC-DSF196,,,,CGCCGTACTTGC,PhiX\Illumina\RTA\Sequence\WholeGenomeFasta,,
lane1-s017-index-TATCATATTACG-DSF197,,,,TATCATATTACG,PhiX\Illumina\RTA\Sequence\WholeGenomeFasta,,
lane1-s018-index-CCTTGACCGATG-DSF198,,,,CCTTGACCGATG,PhiX\Illumina\RTA\Sequence\WholeGenomeFasta,,
lane1-s019-index-AGCTCTAGAAAC-DSF199,,,,AGCTCTAGAAAC,PhiX\Illumina\RTA\Sequence\WholeGenomeFasta,,
lane1-s020-index-AATGTTCAACTT-DSF200,,,,AATGTTCAACTT,PhiX\Illumina\RTA\Sequence\WholeGenomeFasta,,
lane1-s021-index-CAATCATAGGTG-DSF201,,,,CAATCATAGGTG,PhiX\Illumina\RTA\Sequence\WholeGenomeFasta,,
lane1-s022-index-CCGATAAAGGTT-DSF202,,,,CCGATAAAGGTT,PhiX\Illumina\RTA\Sequence\WholeGenomeFasta,,
lane1-s023-index-GCGTGCCCGGCC-DSF203,,,,GCGTGCCCGGCC,PhiX\Illumina\RTA\Sequence\WholeGenomeFasta,,
lane1-s024-index-TAAACCTGGACA-DSF204,,,,TAAACCTGGACA,PhiX\Illumina\RTA\Sequence\WholeGenomeFasta,,
lane1-s025-index-CTATATTATCCG-DSF205,,,,CTATATTATCCG,PhiX\Illumina\RTA\Sequence\WholeGenomeFasta,,
lane1-s026-index-CAAACTGCGTTG-DSF206,,,,CAAACTGCGTTG,PhiX\Illumina\RTA\Sequence\WholeGenomeFasta,,
lane1-s027-index-CTGACACGAATA-DSF207,,,,CTGACACGAATA,PhiX\Illumina\RTA\Sequence\WholeGenomeFasta,,
lane1-s028-index-AGCAGTGCGGTG-DSF208,,,,AGCAGTGCGGTG,PhiX\Illumina\RTA\Sequence\WholeGenomeFasta,,
lane1-s029-index-GTTGGACGAAGG-DSF209,,,,GTTGGACGAAGG,PhiX\Illumina\RTA\Sequence\WholeGenomeFasta,,
lane1-s030-index-CAGGAACCAGGA-DSF210,,,,CAGGAACCAGGA,PhiX\Illumina\RTA\Sequence\WholeGenomeFasta,,
lane1-s031-index-CAAAGGAGCCCG-DSF211,,,,CAAAGGAGCCCG,PhiX\Illumina\RTA\Sequence\WholeGenomeFasta,,
lane1-s032-index-CCAACCCAGATC-PCRBlank1,,,,CCAACCCAGATC,PhiX\Illumina\RTA\Sequence\WholeGenomeFasta,,
lane1-s033-index-ACCGAACAATCC-DSF212,,,,ACCGAACAATCC,PhiX\Illumina\RTA\Sequence\WholeGenomeFasta,,
lane1-s034-index-TCGAGAGTTTGC-DSF213,,,,TCGAGAGTTTGC,PhiX\Illumina\RTA\Sequence\WholeGenomeFasta,,
lane1-s035-index-GCTGCCCACCTA-DSF214,,,,GCTGCCCACCTA,PhiX\Illumina\RTA\Sequence\WholeGenomeFasta,,
lane1-s036-index-GCATATGCACTG-DSF215,,,,GCATATGCACTG,PhiX\Illumina\RTA\Sequence\WholeGenomeFasta,,
lane1-s037-index-GTCACTCCGAAC-DSF216,,,,GTCACTCCGAAC,PhiX\Illumina\RTA\Sequence\WholeGenomeFasta,,
lane1-s038-index-GCATAAACGACT-DSF217,,,,GCATAAACGACT,PhiX\Illumina\RTA\Sequence\WholeGenomeFasta,,
lane1-s039-index-TGCGGCGTCAGG-DSF218,,,,TGCGGCGTCAGG,PhiX\Illumina\RTA\Sequence\WholeGenomeFasta,,
lane1-s040-index-TTAAGTTAAGTT-DSF219,,,,TTAAGTTAAGTT,PhiX\Illumina\RTA\Sequence\WholeGenomeFasta,,
lane1-s041-index-ACGGTACCCTAC-DSF220,,,,ACGGTACCCTAC,PhiX\Illumina\RTA\Sequence\WholeGenomeFasta,,
lane1-s042-index-CGACACGGAGAA-DSF221,,,,CGACACGGAGAA,PhiX\Illumina\RTA\Sequence\WholeGenomeFasta,,
lane1-s043-index-GCGTTTGCTAGC-DSF222,,,,GCGTTTGCTAGC,PhiX\Illumina\RTA\Sequence\WholeGenomeFasta,,
lane1-s044-index-CCGGCGACAGAA-DSF223,,,,CCGGCGACAGAA,PhiX\Illumina\RTA\Sequence\WholeGenomeFasta,,
lane1-s045-index-CGTTCTGGTGGT-DSF224,,,,CGTTCTGGTGGT,PhiX\Illumina\RTA\Sequence\WholeGenomeFasta,,
lane1-s046-index-ATCGTAGTGGTC-DSF225,,,,ATCGTAGTGGTC,PhiX\Illumina\RTA\Sequence\WholeGenomeFasta,,
lane1-s047-index-CGCTGTGGATTA-DSF226,,,,CGCTGTGGATTA,PhiX\Illumina\RTA\Sequence\WholeGenomeFasta,,
lane1-s048-index-AGCCGCGGGTCC-DSF227,,,,AGCCGCGGGTCC,PhiX\Illumina\RTA\Sequence\WholeGenomeFasta,,
lane1-s049-index-TGAGTCATTGAG-DSF228,,,,TGAGTCATTGAG,PhiX\Illumina\RTA\Sequence\WholeGenomeFasta,,
lane1-s050-index-TCCACAGGGTTC-DSF229,,,,TCCACAGGGTTC,PhiX\Illumina\RTA\Sequence\WholeGenomeFasta,,
lane1-s051-index-AGATCGTGCCTA-DSF230,,,,AGATCGTGCCTA,PhiX\Illumina\RTA\Sequence\WholeGenomeFasta,,
lane1-s052-index-CCTCACTAGCGA-DSF231,,,,CCTCACTAGCGA,PhiX\Illumina\RTA\Sequence\WholeGenomeFasta,,
lane1-s053-index-TAGTTCGGTGAC-DSF232,,,,TAGTTCGGTGAC,PhiX\Illumina\RTA\Sequence\WholeGenomeFasta,,
lane1-s054-index-ACTAAAGCAAAC-DSF233,,,,ACTAAAGCAAAC,PhiX\Illumina\RTA\Sequence\WholeGenomeFasta,,
lane1-s055-index-CTTGCTCATAAT-DSF234,,,,CTTGCTCATAAT,PhiX\Illumina\RTA\Sequence\WholeGenomeFasta,,
lane1-s056-index-GGTAGTTCATAG-DSF235,,,,GGTAGTTCATAG,PhiX\Illumina\RTA\Sequence\WholeGenomeFasta,,
lane1-s057-index-ACCTACTTGTCT-DSF236,,,,ACCTACTTGTCT,PhiX\Illumina\RTA\Sequence\WholeGenomeFasta,,
lane1-s058-index-GGAGAACGACAC-DSF237,,,,GGAGAACGACAC,PhiX\Illumina\RTA\Sequence\WholeGenomeFasta,,
lane1-s059-index-AATTAATATGTA-DSF238,,,,AATTAATATGTA,PhiX\Illumina\RTA\Sequence\WholeGenomeFasta,,
lane1-s060-index-CTAATCAGAGTG-DSF239,,,,CTAATCAGAGTG,PhiX\Illumina\RTA\Sequence\WholeGenomeFasta,,
lane1-s061-index-TTAATGGATCGG-DSF240,,,,TTAATGGATCGG,PhiX\Illumina\RTA\Sequence\WholeGenomeFasta,,
lane1-s062-index-TAGGAACTCACC-DSF241,,,,TAGGAACTCACC,PhiX\Illumina\RTA\Sequence\WholeGenomeFasta,,
lane1-s063-index-ACGACAACGGGC-DSF242,,,,ACGACAACGGGC,PhiX\Illumina\RTA\Sequence\WholeGenomeFasta,,
lane1-s064-index-CGATGAATATCG-PCRBlank2,,,,CGATGAATATCG,PhiX\Illumina\RTA\Sequence\WholeGenomeFasta,,
lane1-s065-index-ACTGTGACGTCC-DSF243,,,,ACTGTGACGTCC,PhiX\Illumina\RTA\Sequence\WholeGenomeFasta,,
lane1-s066-index-CCTACCATTGTT-DSF244,,,,CCTACCATTGTT,PhiX\Illumina\RTA\Sequence\WholeGenomeFasta,,
lane1-s067-index-CATTTCGCACTT-DSF245,,,,CATTTCGCACTT,PhiX\Illumina\RTA\Sequence\WholeGenomeFasta,,
lane1-s068-index-CTACTCCACGAG-DSF246,,,,CTACTCCACGAG,PhiX\Illumina\RTA\Sequence\WholeGenomeFasta,,
lane1-s069-index-TCAAGTCCGCAC-DSF247,,,,TCAAGTCCGCAC,PhiX\Illumina\RTA\Sequence\WholeGenomeFasta,,
lane1-s070-index-GTCCGTCCTGGT-DSF248,,,,GTCCGTCCTGGT,PhiX\Illumina\RTA\Sequence\WholeGenomeFasta,,
lane1-s071-index-CTAGCGTGCGTT-DSF249,,,,CTAGCGTGCGTT,PhiX\Illumina\RTA\Sequence\WholeGenomeFasta,,
lane1-s072-index-GTTCTAAGGTGA-DSF250,,,,GTTCTAAGGTGA,PhiX\Illumina\RTA\Sequence\WholeGenomeFasta,,
lane1-s073-index-CTCTGAGGTAAC-DSF251,,,,CTCTGAGGTAAC,PhiX\Illumina\RTA\Sequence\WholeGenomeFasta,,
lane1-s074-index-TCCGGCGGGCAA-DSF252,,,,TCCGGCGGGCAA,PhiX\Illumina\RTA\Sequence\WholeGenomeFasta,,
lane1-s075-index-ACATGATATTCT-DSF253,,,,ACATGATATTCT,PhiX\Illumina\RTA\Sequence\WholeGenomeFasta,,
lane1-s076-index-TAAGGCATCGCT-DSF254,,,,TAAGGCATCGCT,PhiX\Illumina\RTA\Sequence\WholeGenomeFasta,,
lane1-s077-index-CACACAAAGTCA-DSF255,,,,CACACAAAGTCA,PhiX\Illumina\RTA\Sequence\WholeGenomeFasta,,
lane1-s078-index-CGAGGCGAGTCA-DSF256,,,,CGAGGCGAGTCA,PhiX\Illumina\RTA\Sequence\WholeGenomeFasta,,
lane1-s079-index-TAGTCTAAGGGT-DSF257,,,,TAGTCTAAGGGT,PhiX\Illumina\RTA\Sequence\WholeGenomeFasta,,
lane1-s080-index-ATGACTAAGATG-DSF258,,,,ATGACTAAGATG,PhiX\Illumina\RTA\Sequence\WholeGenomeFasta,,
lane1-s081-index-CATGTCTTCCAT-DSF259,,,,CATGTCTTCCAT,PhiX\Illumina\RTA\Sequence\WholeGenomeFasta,,
lane1-s082-index-TAATCCATAATC-DSF260,,,,TAATCCATAATC,PhiX\Illumina\RTA\Sequence\WholeGenomeFasta,,
lane1-s083-index-GCAACGAACGAG-DSF261,,,,GCAACGAACGAG,PhiX\Illumina\RTA\Sequence\WholeGenomeFasta,,
lane1-s084-index-AGCGCGGCGAAT-DSF262,,,,AGCGCGGCGAAT,PhiX\Illumina\RTA\Sequence\WholeGenomeFasta,,
lane1-s085-index-GTCAGGTGCGGC-DSF263,,,,GTCAGGTGCGGC,PhiX\Illumina\RTA\Sequence\WholeGenomeFasta,,
lane1-s086-index-TTCCAATACTCA-DSF264,,,,TTCCAATACTCA,PhiX\Illumina\RTA\Sequence\WholeGenomeFasta,,
lane1-s087-index-GTTTGAAACACG-DSF265,,,,GTTTGAAACACG,PhiX\Illumina\RTA\Sequence\WholeGenomeFasta,,
lane1-s088-index-TACAGCGCATAC-DSF266,,,,TACAGCGCATAC,PhiX\Illumina\RTA\Sequence\WholeGenomeFasta,,
lane1-s089-index-AACAGTAAACAA-DSF267,,,,AACAGTAAACAA,PhiX\Illumina\RTA\Sequence\WholeGenomeFasta,,
lane1-s090-index-CCTCCGTCATGG-DSF268,,,,CCTCCGTCATGG,PhiX\Illumina\RTA\Sequence\WholeGenomeFasta,,
lane1-s091-index-AGATGTCCGTCA-DSF269,,,,AGATGTCCGTCA,PhiX\Illumina\RTA\Sequence\WholeGenomeFasta,,
lane1-s092-index-TAGCAGTTGCGT-DSF270,,,,TAGCAGTTGCGT,PhiX\Illumina\RTA\Sequence\WholeGenomeFasta,,
lane1-s093-index-TTGAACAAGCCA-DSF507,,,,TTGAACAAGCCA,PhiX\Illumina\RTA\Sequence\WholeGenomeFasta,,
lane1-s094-index-AACTCAATAGCG-DSF509,,,,AACTCAATAGCG,PhiX\Illumina\RTA\Sequence\WholeGenomeFasta,,
lane1-s095-index-ACCTCAGTCAAG-DSF513,,,,ACCTCAGTCAAG,PhiX\Illumina\RTA\Sequence\WholeGenomeFasta,,
lane1-s096-index-TGACAGAATCCA-Blank1,,,,TGACAGAATCCA,PhiX\Illumina\RTA\Sequence\WholeGenomeFasta,,
lane1-s097-index-CCTCGCATGACC-DSF514,,,,CCTCGCATGACC,PhiX\Illumina\RTA\Sequence\WholeGenomeFasta,,
lane1-s098-index-CGCGCAAGTATT-DSF515,,,,CGCGCAAGTATT,PhiX\Illumina\RTA\Sequence\WholeGenomeFasta,,
lane1-s099-index-AAGGCGCTCCTT-DSF518,,,,AAGGCGCTCCTT,PhiX\Illumina\RTA\Sequence\WholeGenomeFasta,,
lane1-s100-index-CGCAATGAGGGA-DSF521,,,,CGCAATGAGGGA,PhiX\Illumina\RTA\Sequence\WholeGenomeFasta,,
lane1-s101-index-ACGGCGTTATGT-DSF522,,,,ACGGCGTTATGT,PhiX\Illumina\RTA\Sequence\WholeGenomeFasta,,
lane1-s102-index-CATTTGACGACG-DSF523,,,,CATTTGACGACG,PhiX\Illumina\RTA\Sequence\WholeGenomeFasta,,
lane1-s103-index-GCTGCGTATACC-DSF525,,,,GCTGCGTATACC,PhiX\Illumina\RTA\Sequence\WholeGenomeFasta,,
lane1-s104-index-GAGAAGCTTATA-DSF527,,,,GAGAAGCTTATA,PhiX\Illumina\RTA\Sequence\WholeGenomeFasta,,
lane1-s105-index-GGCGTAACGGCA-DSF528,,,,GGCGTAACGGCA,PhiX\Illumina\RTA\Sequence\WholeGenomeFasta,,
lane1-s106-index-AATACAGACCTG-DSF529,,,,AATACAGACCTG,PhiX\Illumina\RTA\Sequence\WholeGenomeFasta,,
lane1-s107-index-GATCTAATCGAG-DSF531,,,,GATCTAATCGAG,PhiX\Illumina\RTA\Sequence\WholeGenomeFasta,,
lane1-s108-index-CCGCAGCCGCAG-DSF533,,,,CCGCAGCCGCAG,PhiX\Illumina\RTA\Sequence\WholeGenomeFasta,,
lane1-s109-index-GAACCGTGCAGG-DSF538,,,,GAACCGTGCAGG,PhiX\Illumina\RTA\Sequence\WholeGenomeFasta,,
lane1-s110-index-ACTAAGTACCCG-DSF539,,,,ACTAAGTACCCG,PhiX\Illumina\RTA\Sequence\WholeGenomeFasta,,
lane1-s111-index-CTCAGCGGGACG-DSF540,,,,CTCAGCGGGACG,PhiX\Illumina\RTA\Sequence\WholeGenomeFasta,,
lane1-s112-index-GTTAACTTACTA-DSF542,,,,GTTAACTTACTA,PhiX\Illumina\RTA\Sequence\WholeGenomeFasta,,
lane1-s113-index-GCGAGGAAGTCC-DSF544,,,,GCGAGGAAGTCC,PhiX\Illumina\RTA\Sequence\WholeGenomeFasta,,
lane1-s114-index-GGACAAGTGCGA-DSF545,,,,GGACAAGTGCGA,PhiX\Illumina\RTA\Sequence\WholeGenomeFasta,,
lane1-s115-index-CTGATGTACACG-DSF546,,,,CTGATGTACACG,PhiX\Illumina\RTA\Sequence\WholeGenomeFasta,,
lane1-s116-index-TGGAGCCTTGTC-DSF547,,,,TGGAGCCTTGTC,PhiX\Illumina\RTA\Sequence\WholeGenomeFasta,,
lane1-s117-index-ACGTGCCTTAGA-DSF549,,,,ACGTGCCTTAGA,PhiX\Illumina\RTA\Sequence\WholeGenomeFasta,,
lane1-s118-index-CACCCTTGCGAC-DSF550,,,,CACCCTTGCGAC,PhiX\Illumina\RTA\Sequence\WholeGenomeFasta,,
lane1-s119-index-ATGCCTCGTAAG-DSF553,,,,ATGCCTCGTAAG,PhiX\Illumina\RTA\Sequence\WholeGenomeFasta,,
lane1-s120-index-GTTGTTCTGGGA-DSF554,,,,GTTGTTCTGGGA,PhiX\Illumina\RTA\Sequence\WholeGenomeFasta,,
lane1-s121-index-CAAATTCGGGAT-DSF555,,,,CAAATTCGGGAT,PhiX\Illumina\RTA\Sequence\WholeGenomeFasta,,
lane1-s122-index-TACGGTCTGGAT-DSF556,,,,TACGGTCTGGAT,PhiX\Illumina\RTA\Sequence\WholeGenomeFasta,,
lane1-s123-index-ACGTATTCGAAG-DSF560,,,,ACGTATTCGAAG,PhiX\Illumina\RTA\Sequence\WholeGenomeFasta,,
lane1-s124-index-TTACTTATCCGA-DSF561,,,,TTACTTATCCGA,PhiX\Illumina\RTA\Sequence\WholeGenomeFasta,,
lane1-s125-index-AGTTGTAGTCCG-DSF562,,,,AGTTGTAGTCCG,PhiX\Illumina\RTA\Sequence\WholeGenomeFasta,,
lane1-s126-index-GATGCCTAATGA-DSF563,,,,GATGCCTAATGA,PhiX\Illumina\RTA\Sequence\WholeGenomeFasta,,
lane1-s127-index-TTAGTTTGTCAC-DSF565,,,,TTAGTTTGTCAC,PhiX\Illumina\RTA\Sequence\WholeGenomeFasta,,
lane1-s128-index-AGGGTGACTTTA-Blank2,,,,AGGGTGACTTTA,PhiX\Illumina\RTA\Sequence\WholeGenomeFasta,,
lane1-s129-index-TTGTGTCTCCCT-DSF566,,,,TTGTGTCTCCCT,PhiX\Illumina\RTA\Sequence\WholeGenomeFasta,,
lane1-s130-index-TTCAGTTCGTTA-DSF567,,,,TTCAGTTCGTTA,PhiX\Illumina\RTA\Sequence\WholeGenomeFasta,,
lane1-s131-index-GACGTTAAGAAT-DSF568,,,,GACGTTAAGAAT,PhiX\Illumina\RTA\Sequence\WholeGenomeFasta,,
lane1-s132-index-ATGGGACCTTCA-DSF569,,,,ATGGGACCTTCA,PhiX\Illumina\RTA\Sequence\WholeGenomeFasta,,
lane1-s133-index-AGGGACTTCAAT-DSF570,,,,AGGGACTTCAAT,PhiX\Illumina\RTA\Sequence\WholeGenomeFasta,,
lane1-s134-index-GTACGTCACTGA-DSF574,,,,GTACGTCACTGA,PhiX\Illumina\RTA\Sequence\WholeGenomeFasta,,
lane1-s135-index-CCGGCCGCGTGC-DSF575,,,,CCGGCCGCGTGC,PhiX\Illumina\RTA\Sequence\WholeGenomeFasta,,
lane1-s136-index-GCCGCCAGGGTC-DSF576,,,,GCCGCCAGGGTC,PhiX\Illumina\RTA\Sequence\WholeGenomeFasta,,
lane1-s137-index-CAATGTAGACAC-DSF577,,,,CAATGTAGACAC,PhiX\Illumina\RTA\Sequence\WholeGenomeFasta,,
lane1-s138-index-CCGCGTCTCAAC-DSF579,,,,CCGCGTCTCAAC,PhiX\Illumina\RTA\Sequence\WholeGenomeFasta,,
lane1-s139-index-TGGTGGAGTTTC-DSF580,,,,TGGTGGAGTTTC,PhiX\Illumina\RTA\Sequence\WholeGenomeFasta,,
lane1-s140-index-TCCGATAATCGG-DSF581,,,,TCCGATAATCGG,PhiX\Illumina\RTA\Sequence\WholeGenomeFasta,,
lane1-s141-index-CGGCCAGAAGCA-DSF584,,,,CGGCCAGAAGCA,PhiX\Illumina\RTA\Sequence\WholeGenomeFasta,,
lane1-s142-index-TCGCTACAGATG-DSF585,,,,TCGCTACAGATG,PhiX\Illumina\RTA\Sequence\WholeGenomeFasta,,
lane1-s143-index-ATTATGATTATG-DSF586,,,,ATTATGATTATG,PhiX\Illumina\RTA\Sequence\WholeGenomeFasta,,
lane1-s144-index-GCCACCGCCGGA-DSF587,,,,GCCACCGCCGGA,PhiX\Illumina\RTA\Sequence\WholeGenomeFasta,,
lane1-s145-index-AACCACTAACCG-DSF588,,,,AACCACTAACCG,PhiX\Illumina\RTA\Sequence\WholeGenomeFasta,,
lane1-s146-index-CCGAGGTATAAT-DSF589,,,,CCGAGGTATAAT,PhiX\Illumina\RTA\Sequence\WholeGenomeFasta,,
lane1-s147-index-TTAACAAGGCAA-DSF590,,,,TTAACAAGGCAA,PhiX\Illumina\RTA\Sequence\WholeGenomeFasta,,
lane1-s148-index-AAGTCACACACA-DSF592,,,,AAGTCACACACA,PhiX\Illumina\RTA\Sequence\WholeGenomeFasta,,
lane1-s149-index-TGGCAGCGAGCC-DSF593,,,,TGGCAGCGAGCC,PhiX\Illumina\RTA\Sequence\WholeGenomeFasta,,
lane1-s150-index-CCGGCTTATGTG-DSF595,,,,CCGGCTTATGTG,PhiX\Illumina\RTA\Sequence\WholeGenomeFasta,,
lane1-s151-index-CGAATACTGACA-DSF596,,,,CGAATACTGACA,PhiX\Illumina\RTA\Sequence\WholeGenomeFasta,,
lane1-s152-index-ACACACCCTGAC-DSF597,,,,ACACACCCTGAC,PhiX\Illumina\RTA\Sequence\WholeGenomeFasta,,
lane1-s153-index-AACTTTCAGGAG-DSF598,,,,AACTTTCAGGAG,PhiX\Illumina\RTA\Sequence\WholeGenomeFasta,,
lane1-s154-index-AGATTCGCTCGA-DSF603,,,,AGATTCGCTCGA,PhiX\Illumina\RTA\Sequence\WholeGenomeFasta,,
lane1-s155-index-AACCGCATAAGT-DSF604,,,,AACCGCATAAGT,PhiX\Illumina\RTA\Sequence\WholeGenomeFasta,,
lane1-s156-index-GAAGTAGCGAGC-DSF606,,,,GAAGTAGCGAGC,PhiX\Illumina\RTA\Sequence\WholeGenomeFasta,,
lane1-s157-index-GTGAATGTTCGA-DSF609,,,,GTGAATGTTCGA,PhiX\Illumina\RTA\Sequence\WholeGenomeFasta,,
lane1-s158-index-ATAGTCCTTTAA-DSF612,,,,ATAGTCCTTTAA,PhiX\Illumina\RTA\Sequence\WholeGenomeFasta,,
lane1-s159-index-TCTTATAACGCT-DSF613,,,,TCTTATAACGCT,PhiX\Illumina\RTA\Sequence\WholeGenomeFasta,,
lane1-s160-index-TATAGGCTCCGC-Blank3,,,,TATAGGCTCCGC,PhiX\Illumina\RTA\Sequence\WholeGenomeFasta,,
lane1-s161-index-CCAGGACAGGAA-DSF614,,,,CCAGGACAGGAA,PhiX\Illumina\RTA\Sequence\WholeGenomeFasta,,
lane1-s162-index-TTGCCGCTCTGG-DSF618,,,,TTGCCGCTCTGG,PhiX\Illumina\RTA\Sequence\WholeGenomeFasta,,
lane1-s163-index-CCACAACGATCA-DSF619,,,,CCACAACGATCA,PhiX\Illumina\RTA\Sequence\WholeGenomeFasta,,
lane1-s164-index-CACCATCTCCGG-DSF621,,,,CACCATCTCCGG,PhiX\Illumina\RTA\Sequence\WholeGenomeFasta,,
lane1-s165-index-TATGTTGACGGC-DSF622,,,,TATGTTGACGGC,PhiX\Illumina\RTA\Sequence\WholeGenomeFasta,,
lane1-s166-index-TCGAGCCGATCT-DSF623,,,,TCGAGCCGATCT,PhiX\Illumina\RTA\Sequence\WholeGenomeFasta,,
lane1-s167-index-TAAGGTCGATAA-DSF625,,,,TAAGGTCGATAA,PhiX\Illumina\RTA\Sequence\WholeGenomeFasta,,
lane1-s168-index-ATAATTGCCGAG-DSF629,,,,ATAATTGCCGAG,PhiX\Illumina\RTA\Sequence\WholeGenomeFasta,,
lane1-s169-index-GCGCGGCGTTGC-DSF631,,,,GCGCGGCGTTGC,PhiX\Illumina\RTA\Sequence\WholeGenomeFasta,,
lane1-s170-index-AGACTTCTCAGG-DSF634,,,,AGACTTCTCAGG,PhiX\Illumina\RTA\Sequence\WholeGenomeFasta,,
lane1-s171-index-AGTTCTCATTAA-DSF635,,,,AGTTCTCATTAA,PhiX\Illumina\RTA\Sequence\WholeGenomeFasta,,
lane1-s172-index-GTGTCGAGGGCA-DSF636,,,,GTGTCGAGGGCA,PhiX\Illumina\RTA\Sequence\WholeGenomeFasta,,
lane1-s173-index-AGTGTTTCGGAC-DSF637,,,,AGTGTTTCGGAC,PhiX\Illumina\RTA\Sequence\WholeGenomeFasta,,
lane1-s174-index-AGTGCAGGAGCC-DSF638,,,,AGTGCAGGAGCC,PhiX\Illumina\RTA\Sequence\WholeGenomeFasta,,
lane1-s175-index-GTTGCTGAGTCC-DSF639,,,,GTTGCTGAGTCC,PhiX\Illumina\RTA\Sequence\WholeGenomeFasta,,
lane1-s176-index-CGGAGAGACATG-DSF640,,,,CGGAGAGACATG,PhiX\Illumina\RTA\Sequence\WholeGenomeFasta,,
lane1-s177-index-GTCGCTTGCACA-DSF641,,,,GTCGCTTGCACA,PhiX\Illumina\RTA\Sequence\WholeGenomeFasta,,
lane1-s178-index-TCTTGCGGAGTC-DSF642,,,,TCTTGCGGAGTC,PhiX\Illumina\RTA\Sequence\WholeGenomeFasta,,
lane1-s179-index-GAGCCATCTGTA-DSF643,,,,GAGCCATCTGTA,PhiX\Illumina\RTA\Sequence\WholeGenomeFasta,,
lane1-s180-index-TTCCACACGTGG-DSF644,,,,TTCCACACGTGG,PhiX\Illumina\RTA\Sequence\WholeGenomeFasta,,
lane1-s181-index-ATTTCCGCTAAT-DSF646,,,,ATTTCCGCTAAT,PhiX\Illumina\RTA\Sequence\WholeGenomeFasta,,
lane1-s182-index-GTACTCGAACCA-DSF647,,,,GTACTCGAACCA,PhiX\Illumina\RTA\Sequence\WholeGenomeFasta,,
lane1-s183-index-ACACCGCACAAT-DSF650,,,,ACACCGCACAAT,PhiX\Illumina\RTA\Sequence\WholeGenomeFasta,,
lane1-s184-index-CAGCCCTACCCA-DSF652,,,,CAGCCCTACCCA,PhiX\Illumina\RTA\Sequence\WholeGenomeFasta,,
lane1-s185-index-TCCGCCTAGTCG-KitBlank,,,,TCCGCCTAGTCG,PhiX\Illumina\RTA\Sequence\WholeGenomeFasta,,
lane1-s186-index-GATATACCAGTG-PCRBlank3,,,,GATATACCAGTG,PhiX\Illumina\RTA\Sequence\WholeGenomeFasta,,
